Car Name,Brand,Image URL,Local Path
Land Rover RANGE ROVER SPORT 2017,Land,https://khushimotors.com/wp-content/uploads/2025/02/1-24-275x161.jpg,/content/drive/My Drive/Car_Sales_vision_ai_project/Land/Land_Rover_RANGE_ROVER_SPORT_2017.jpg
Toyota Land Cruiser Prado 2017,Toyota,https://khushimotors.com/wp-content/uploads/2025/02/1-22-275x161.jpg,/content/drive/My Drive/Car_Sales_vision_ai_project/Toyota/Toyota_Land_Cruiser_Prado_2017.jpg
Toyota Land Cruiser Prado VX 2022,Toyota,https://khushimotors.com/wp-content/uploads/2025/02/1-21-275x161.jpg,/content/drive/My Drive/Car_Sales_vision_ai_project/Toyota/Toyota_Land_Cruiser_Prado_VX_2022.jpg
Toyota Harrier 2017,Toyota,https://khushimotors.com/wp-content/uploads/2025/02/1-20-275x161.jpg,/content/drive/My Drive/Car_Sales_vision_ai_project/Toyota/Toyota_Harrier_2017.jpg
Toyota Land Cruiser Sahara 2017,Toyota,https://khushimotors.com/wp-content/uploads/2025/02/1-19-275x161.jpg,/content/drive/My Drive/Car_Sales_vision_ai_project/Toyota/Toyota_Land_Cruiser_Sahara_2017.jpg
Toyota Fortuner 2017,Toyota,https://khushimotors.com/wp-content/uploads/2025/02/1-18-275x161.jpg,/content/drive/My Drive/Car_Sales_vision_ai_project/Toyota/Toyota_Fortuner_2017.jpg
Mercedes-Benz GLC43 2018,Mercedes-Benz,https://khushimotors.com/wp-content/uploads/2025/02/6-16-275x161.jpg,/content/drive/My Drive/Car_Sales_vision_ai_project/Mercedes-Benz/Mercedes-Benz_GLC43_2018.jpg
Toyota Crown RS 2018,Toyota,https://khushimotors.com/wp-content/uploads/2025/02/1-23-275x161.jpg,/content/drive/My Drive/Car_Sales_vision_ai_project/Toyota/Toyota_Crown_RS_2018.jpg
Toyota Land Cruiser Prado 2018,Toyota,https://khushimotors.com/wp-content/uploads/2025/02/6-13-275x161.jpg,/content/drive/My Drive/Car_Sales_vision_ai_project/Toyota/Toyota_Land_Cruiser_Prado_2018.jpg
Toyota Crown Athlete 2018,Toyota,https://khushimotors.com/wp-content/uploads/2025/02/6-11-275x161.jpg,/content/drive/My Drive/Car_Sales_vision_ai_project/Toyota/Toyota_Crown_Athlete_2018.jpg
Toyota Land Cruiser V8 2018,Toyota,https://khushimotors.com/wp-content/uploads/2025/02/6-10-275x161.jpg,/content/drive/My Drive/Car_Sales_vision_ai_project/Toyota/Toyota_Land_Cruiser_V8_2018.jpg
Mercedes-Benz C200 2018,Mercedes-Benz,https://khushimotors.com/wp-content/uploads/2025/02/6-9-275x161.jpg,/content/drive/My Drive/Car_Sales_vision_ai_project/Mercedes-Benz/Mercedes-Benz_C200_2018.jpg
BMW X6 M 2018,BMW,https://khushimotors.com/wp-content/uploads/2025/02/6-8-275x161.jpg,/content/drive/My Drive/Car_Sales_vision_ai_project/BMW/BMW_X6_M_2018.jpg
Toyota Harrier 2020,Toyota,https://khushimotors.com/wp-content/uploads/2025/02/1-8-275x161.jpg,/content/drive/My Drive/Car_Sales_vision_ai_project/Toyota/Toyota_Harrier_2020.jpg
Toyota Fortuner 2016,Toyota,https://khushimotors.com/wp-content/uploads/2025/02/1-7-275x161.jpg,/content/drive/My Drive/Car_Sales_vision_ai_project/Toyota/Toyota_Fortuner_2016.jpg
Land Rover RANGE ROVER SPORT 2014,Land,https://khushimotors.com/wp-content/uploads/2025/02/2-7-275x161.jpg,/content/drive/My Drive/Car_Sales_vision_ai_project/Land/Land_Rover_RANGE_ROVER_SPORT_2014.jpg
Toyota Land cruiser Pickup 2017,Toyota,https://khushimotors.com/wp-content/uploads/2025/02/1-5-275x161.jpg,/content/drive/My Drive/Car_Sales_vision_ai_project/Toyota/Toyota_Land_cruiser_Pickup_2017.jpg
Toyota Land Cruiser VXR 2017,Toyota,https://khushimotors.com/wp-content/uploads/2025/02/1-4-275x161.jpg,/content/drive/My Drive/Car_Sales_vision_ai_project/Toyota/Toyota_Land_Cruiser VXR_2017.jpg
Nissan Xtrail 2015,Nissan,https://khushimotors.com/wp-content/uploads/2025/02/9-2-275x161.jpg,/content/drive/My Drive/Car_Sales_vision_ai_project/Nissan/Nissan_Xtrail_2015.jpg
Mercedes-Benz GLE350D 2017,Mercedes-Benz,https://khushimotors.com/wp-content/uploads/2025/02/5-1-275x161.jpg,/content/drive/My Drive/Car_Sales_vision_ai_project/Mercedes-Benz/Mercedes-Benz_GLE350D_2017.jpg
Toyota RAV4 2019,Toyota,https://khushimotors.com/wp-content/uploads/2025/02/3-1-275x161.jpg,/content/drive/My Drive/Car_Sales_vision_ai_project/Toyota/Toyota_RAV4_2019.jpg
Lexus LX500d 2023,Lexus,https://khushimotors.com/wp-content/uploads/2025/01/15-275x161.jpg,/content/drive/My Drive/Car_Sales_vision_ai_project/Lexus/Lexus_LX500d_2023.jpg
Toyota Alphard 2017,Toyota,https://khushimotors.com/wp-content/uploads/2025/01/6-60-275x161.jpg,/content/drive/My Drive/Car_Sales_vision_ai_project/Toyota/Toyota_Alphard_2017.jpg
Lamborghini Urus 2019,Lamborghini,https://khushimotors.com/wp-content/uploads/2025/01/Thumbnail-1-275x161.jpg,/content/drive/My Drive/Car_Sales_vision_ai_project/Lamborghini/Lamborghini_Urus_2019.jpg
Mercedes B180 2016,Mercedes,https://khushimotors.com/wp-content/uploads/2025/01/1-61-275x161.jpg,/content/drive/My Drive/Car_Sales_vision_ai_project/Mercedes/Mercedes_B180_2016.jpg
BMW 2017,BMW,https://khushimotors.com/wp-content/uploads/2025/01/10-16-275x161.jpg,/content/drive/My Drive/Car_Sales_vision_ai_project/BMW/BMW_2017.jpg
Toyota CROWN 2014,Toyota,https://khushimotors.com/wp-content/uploads/2025/01/1-59-275x161.jpg,/content/drive/My Drive/Car_Sales_vision_ai_project/Toyota/Toyota_CROWN_2014.jpg
Mercedes S550 2010,Mercedes,https://khushimotors.com/wp-content/uploads/2025/01/10-14-275x161.jpg,/content/drive/My Drive/Car_Sales_vision_ai_project/Mercedes/Mercedes_S550_2010.jpg
Mercedes 2018,Mercedes,https://khushimotors.com/wp-content/uploads/2025/01/10-13-275x161.jpg,/content/drive/My Drive/Car_Sales_vision_ai_project/Mercedes/Mercedes_2018.jpg
Mercedes GLE400D 2020,Mercedes,https://khushimotors.com/wp-content/uploads/2025/01/10-12-275x161.jpg,/content/drive/My Drive/Car_Sales_vision_ai_project/Mercedes/Mercedes_GLE400D_2020.jpg
Mitsubishi 2018,Mitsubishi,https://khushimotors.com/wp-content/uploads/2025/01/6-47-275x161.jpg,/content/drive/My Drive/Car_Sales_vision_ai_project/Mitsubishi/Mitsubishi_2018.jpg
Toyota Land Cruiser 300 2023,Toyota,https://khushimotors.com/wp-content/uploads/2025/01/10-11-275x161.jpg,/content/drive/My Drive/Car_Sales_vision_ai_project/Toyota/Toyota_Land_Cruiser_300_2023.jpg
Lexus Rx450h 2018,Lexus,https://khushimotors.com/wp-content/uploads/2025/01/6-45-275x161.jpg,/content/drive/My Drive/Car_Sales_vision_ai_project/Lexus/Lexus_Rx450h_2018.jpg
Mercedes E200 2018,Mercedes,https://khushimotors.com/wp-content/uploads/2025/01/6-44-275x161.jpg,/content/drive/My Drive/Car_Sales_vision_ai_project/Mercedes/Mercedes_E200_2018.jpg
Mercedes C180 2018,Mercedes,https://khushimotors.com/wp-content/uploads/2025/01/2-52-275x161.jpg,/content/drive/My Drive/Car_Sales_vision_ai_project/Mercedes/Mercedes_C180_2018.jpg
Mercedes C220D 2018,Mercedes,https://khushimotors.com/wp-content/uploads/2025/01/5-44-275x161.jpg,/content/drive/My Drive/Car_Sales_vision_ai_project/Mercedes/Mercedes_C220D_2018.jpg
Mercedes G63 2018,Mercedes,https://khushimotors.com/wp-content/uploads/2025/01/8-27-275x161.jpg,/content/drive/My Drive/Car_Sales_vision_ai_project/Mercedes/Mercedes_G63_2018.jpg
Audi Q8 2019,Audi,https://khushimotors.com/wp-content/uploads/2025/01/6-41-275x161.jpg,/content/drive/My Drive/Car_Sales_vision_ai_project/Audi/Audi_Q8_2019.jpg
Land Cruiser Prado 2018,Land,https://khushimotors.com/wp-content/uploads/2025/01/6-39-275x161.jpg,/content/drive/My Drive/Car_Sales_vision_ai_project/Land/Land_Cruiser_Prado_2018.jpg
Toyota Land Cruiser 2018,Toyota,https://khushimotors.com/wp-content/uploads/2025/01/6-38-275x161.jpg,/content/drive/My Drive/Car_Sales_vision_ai_project/Toyota/Toyota_Land_Cruiser_2018.jpg
Mazda Axela 2017,Mazda,https://khushimotors.com/wp-content/uploads/2025/01/6-36-275x161.jpg,/content/drive/My Drive/Car_Sales_vision_ai_project/Mazda/Mazda_Axela_2017.jpg
Mitsubishi Rosa 2017,Mitsubishi,https://khushimotors.com/wp-content/uploads/2025/01/10-9-275x161.jpg,/content/drive/My Drive/Car_Sales_vision_ai_project/Mitsubishi/Mitsubishi_Rosa_2017.jpg
Toyota COROLLA AXIO 2018,Toyota,https://khushimotors.com/wp-content/uploads/2025/01/6-34-275x161.jpg,/content/drive/My Drive/Car_Sales_vision_ai_project/Toyota/Toyota_COROLLA_AXIO_2018.jpg
Toyota Coaster 2018,Toyota,https://khushimotors.com/wp-content/uploads/2025/01/6-33-275x161.jpg,/content/drive/My Drive/Car_Sales_vision_ai_project/Toyota/Toyota_Coaster_2018.jpg
Toyota Porte 2018,Toyota,https://khushimotors.com/wp-content/uploads/2025/01/3-38-275x161.jpg,/content/drive/My Drive/Car_Sales_vision_ai_project/Toyota/Toyota_Porte_2018.jpg
Toyota COROLLA FIELDER 2018,Toyota,https://khushimotors.com/wp-content/uploads/2025/01/6-31-275x161.jpg,/content/drive/My Drive/Car_Sales_vision_ai_project/Toyota/Toyota_COROLLA_FIELDER_2018.jpg
Nissan X-trail 2018,Nissan,https://khushimotors.com/wp-content/uploads/2025/01/6-30-275x161.jpg,/content/drive/My Drive/Car_Sales_vision_ai_project/Nissan/Nissan_X-trail_2018.jpg
Subaru Forester 2018,Subaru,https://khushimotors.com/wp-content/uploads/2025/01/6-29-275x161.jpg,/content/drive/My Drive/Car_Sales_vision_ai_project/Subaru/Subaru_Forester_2018.jpg
Nissan NV200 2018,Nissan,https://khushimotors.com/wp-content/uploads/2025/01/4-32-275x161.jpg,/content/drive/My Drive/Car_Sales_vision_ai_project/Nissan/Nissan_NV200_2018.jpg
Subaru OutBack 2018,Subaru,https://khushimotors.com/wp-content/uploads/2025/01/6-28-275x161.jpg,/content/drive/My Drive/Car_Sales_vision_ai_project/Subaru/Subaru_OutBack_2018.jpg
Lexus NX300h 2018,Lexus,https://khushimotors.com/wp-content/uploads/2025/01/10-7-275x161.jpg,/content/drive/My Drive/Car_Sales_vision_ai_project/Lexus/Lexus_NX300h_2018.jpg
Toyota Harrier 2018,Toyota,https://khushimotors.com/wp-content/uploads/2025/01/12-275x161.jpg,/content/drive/My Drive/Car_Sales_vision_ai_project/Toyota/Toyota_Harrier_2018.jpg
Lexus NX300 2018,Lexus,https://khushimotors.com/wp-content/uploads/2025/01/6-25-275x161.jpg,/content/drive/My Drive/Car_Sales_vision_ai_project/Lexus/Lexus_NX300_2018.jpg
Mitsubishi RVR 2018,Mitsubishi,https://khushimotors.com/wp-content/uploads/2025/01/4-26-275x161.jpg,/content/drive/My Drive/Car_Sales_vision_ai_project/Mitsubishi/Mitsubishi_RVR_2018.jpg
Mazda CX-8 2018,Mazda,https://khushimotors.com/wp-content/uploads/2025/01/6-24-275x161.jpg,/content/drive/My Drive/Car_Sales_vision_ai_project/Mazda/Mazda_CX-8_2018.jpg
Toyota Hilux D Cabin 2019,Toyota,https://khushimotors.com/wp-content/uploads/2025/01/1-71-275x161.jpg,/content/drive/My Drive/Car_Sales_vision_ai_project/Toyota/Toyota_Hilux_D_Cabin_2019.jpg
Toyota Avensis 2018,Toyota,https://khushimotors.com/wp-content/uploads/2025/01/3-24-275x161.jpg,/content/drive/My Drive/Car_Sales_vision_ai_project/Toyota/Toyota_Avensis_2018.jpg
Toyota Voxy 2018,Toyota,https://khushimotors.com/wp-content/uploads/2025/01/7-20-275x161.jpg,/content/drive/My Drive/Car_Sales_vision_ai_project/Toyota/Toyota_Voxy_2018.jpg
Mitsubishi CANTER 2018,Mitsubishi,https://khushimotors.com/wp-content/uploads/2025/01/8-15-275x161.jpg,/content/drive/My Drive/Car_Sales_vision_ai_project/Mitsubishi/Mitsubishi_CANTER_2018.jpg
Mitsubishi CANTER TRUCK 2018,Mitsubishi,https://khushimotors.com/wp-content/uploads/2025/01/5-18-275x161.jpg,/content/drive/My Drive/Car_Sales_vision_ai_project/Mitsubishi/Mitsubishi_CANTER_TRUCK_2018.jpg
Mitsubishi Canter Tank 2018,Mitsubishi,https://khushimotors.com/wp-content/uploads/2025/01/7-16-275x161.jpg,/content/drive/My Drive/Car_Sales_vision_ai_project/Mitsubishi/Mitsubishi_Canter_Tank_2018.jpg
Mazda Demio 2018,Mazda,https://khushimotors.com/wp-content/uploads/2025/01/6-17-275x161.jpg,/content/drive/My Drive/Car_Sales_vision_ai_project/Mazda/Mazda_Demio_2018.jpg
Toyota Succeed 2019,Toyota,https://khushimotors.com/wp-content/uploads/2025/01/7-14-275x161.jpg,/content/drive/My Drive/Car_Sales_vision_ai_project/Toyota/Toyota_Succeed_2019.jpg
Toyota Succeed 2018,Toyota,https://khushimotors.com/wp-content/uploads/2025/01/8-10-275x161.jpg,/content/drive/My Drive/Car_Sales_vision_ai_project/Toyota/Toyota_Succeed_2018.jpg
Toyota Probox 2019,Toyota,https://khushimotors.com/wp-content/uploads/2025/01/9-4-275x161.jpg,/content/drive/My Drive/Car_Sales_vision_ai_project/Toyota/Toyota_Probox_2019.jpg
Toyota Probox 2018,Toyota,https://khushimotors.com/wp-content/uploads/2025/01/8-5-275x161.jpg,/content/drive/My Drive/Car_Sales_vision_ai_project/Toyota/Toyota_Probox_2018.jpg
Toyota Land Cruiser 2015,Toyota,https://khushimotors.com/wp-content/uploads/2025/01/10-1-275x161.jpg,/content/drive/My Drive/Car_Sales_vision_ai_project/Toyota/Toyota_Land_Cruiser_2015.jpg
Lexus Rx450h 2014,Lexus,https://khushimotors.com/wp-content/uploads/2025/01/10-275x161.jpg,/content/drive/My Drive/Car_Sales_vision_ai_project/Lexus/Lexus_Rx450h_2014.jpg
Toyota Land Cruiser Prado 2015,Toyota,https://khushimotors.com/wp-content/uploads/2024/12/10-5-275x161.jpg,/content/drive/My Drive/Car_Sales_vision_ai_project/Toyota/Toyota_Land_Cruiser_Prado_2015.jpg
Lexus LX500d,Lexus,https://khushimotors.com/wp-content/uploads/2024/12/10-4-275x161.jpg,/content/drive/My Drive/Car_Sales_vision_ai_project/Lexus/Lexus_LX500d.jpg
Toyota Land Cruiser Prado 2005,Toyota,https://khushimotors.com/wp-content/uploads/2024/12/1-7-275x161.jpg,/content/drive/My Drive/Car_Sales_vision_ai_project/Toyota/Toyota_Land_Cruiser_Prado_2005.jpg
Honda VEZEL 2017,Honda,https://khushimotors.com/wp-content/uploads/2024/12/10-2-275x161.jpg,/content/drive/My Drive/Car_Sales_vision_ai_project/Honda/Honda_VEZEL_2017.jpg
Volvo XC60 2012,Volvo,https://khushimotors.com/wp-content/uploads/2024/12/10-1-275x161.jpg,/content/drive/My Drive/Car_Sales_vision_ai_project/Volvo/Volvo_XC60_2012.jpg
VolksWagen Golf Alltrack 2018,VolksWagen,https://khushimotors.com/wp-content/uploads/2024/12/10-275x161.jpg,/content/drive/My Drive/Car_Sales_vision_ai_project/VolksWagen/VolksWagen_Golf_Alltrack_2018.jpg
Toyota Vitz 2017,Toyota,https://khushimotors.com/wp-content/uploads/2024/12/1-1-275x161.jpg,/content/drive/My Drive/Car_Sales_vision_ai_project/Toyota/Toyota_Vitz_2017.jpg
VolksWagen Golf 2018,VolksWagen,https://khushimotors.com/wp-content/uploads/2024/12/8-275x161.jpg,/content/drive/My Drive/Car_Sales_vision_ai_project/VolksWagen/VolksWagen_Golf_2018.jpg
Land Rover Range Rover Vogue 2014,Land,https://khushimotors.com/wp-content/uploads/2024/11/10-6-275x161.jpg,/content/drive/My Drive/Car_Sales_vision_ai_project/Land/Land_Rover_Range_Rover_Vogue_2014.jpg
Subaru OutBack 2015,Subaru,https://khushimotors.com/wp-content/uploads/2024/11/10-5-275x161.jpg,/content/drive/My Drive/Car_Sales_vision_ai_project/Subaru/Subaru_OutBack_2015.jpg
Mitsubishi Fuso 2017,Mitsubishi,https://khushimotors.com/wp-content/uploads/2024/11/10-4-275x161.jpg,/content/drive/My Drive/Car_Sales_vision_ai_project/Mitsubishi/Mitsubishi_Fuso_2017.jpg
Land Rover Range Rover Vogue 2017,Land,https://khushimotors.com/wp-content/uploads/2024/11/01-275x161.jpg,/content/drive/My Drive/Car_Sales_vision_ai_project/Land/Land_Rover_Range_Rover_Vogue_2017.jpg
BMW X6 2015,BMW,https://khushimotors.com/wp-content/uploads/2024/11/1-1-275x161.jpg,/content/drive/My Drive/Car_Sales_vision_ai_project/BMW/BMW_X6_2015.jpg
Ford Ranger 2016,Ford,https://khushimotors.com/wp-content/uploads/2024/11/10-275x161.jpg,/content/drive/My Drive/Car_Sales_vision_ai_project/Ford/Ford_Ranger_2016.jpg
Mazda Bongo 2017,Mazda,https://khushimotors.com/wp-content/uploads/2024/10/2-94-275x161.jpg,/content/drive/My Drive/Car_Sales_vision_ai_project/Mazda/Mazda_Bongo_2017.jpg
Land Rover Range Rover Sport SVR 2017,Land,https://khushimotors.com/wp-content/uploads/2024/10/1-31-275x161.jpg,/content/drive/My Drive/Car_Sales_vision_ai_project/Land/Land_Rover_Range_Rover_Sport_SVR_2017.jpg
Toyota COROLLA AXIO 2017,Toyota,https://khushimotors.com/wp-content/uploads/2024/10/8-25-275x161.jpg,/content/drive/My Drive/Car_Sales_vision_ai_project/Toyota/Toyota_COROLLA_AXIO_2017.jpg
Toyota COROLLA FIELDER 2017,Toyota,https://khushimotors.com/wp-content/uploads/2024/10/2-91-275x161.jpg,/content/drive/My Drive/Car_Sales_vision_ai_project/Toyota/Toyota_COROLLA_FIELDER_2017.jpg
Mercedes-Benz C180 Cabriolet 2017,Mercedes-Benz,https://khushimotors.com/wp-content/uploads/2024/10/4-83-275x161.jpg,/content/drive/My Drive/Car_Sales_vision_ai_project/Mercedes-Benz/Mercedes-Benz_C180_Cabriolet_2017.jpg
Nissan NV200 2017,Nissan,https://khushimotors.com/wp-content/uploads/2024/10/8-24-275x161.jpg,/content/drive/My Drive/Car_Sales_vision_ai_project/Nissan/Nissan_NV200_2017.jpg
Land Rover Velar 2017,Land,https://khushimotors.com/wp-content/uploads/2024/10/1-88-275x161.jpg,/content/drive/My Drive/Car_Sales_vision_ai_project/Land/Land_Rover_Velar_2017.jpg
Toyota Probox 2017,Toyota,https://khushimotors.com/wp-content/uploads/2024/10/4-78-275x161.jpg,/content/drive/My Drive/Car_Sales_vision_ai_project/Toyota/Toyota_Probox_2017.jpg
Toyota AQUA 2017,Toyota,https://khushimotors.com/wp-content/uploads/2024/10/5-66-275x161.jpg,/content/drive/My Drive/Car_Sales_vision_ai_project/Toyota/Toyota_AQUA_2017.jpg
Nissan Note 2017,Nissan,https://khushimotors.com/wp-content/uploads/2024/10/5-65-275x161.jpg,/content/drive/My Drive/Car_Sales_vision_ai_project/Nissan/Nissan_Note_2017.jpg
Toyota Succeed 2017,Toyota,https://khushimotors.com/wp-content/uploads/2024/10/4-72-275x161.jpg,/content/drive/My Drive/Car_Sales_vision_ai_project/Toyota/Toyota_Succeed_2017.jpg
Lexus RX450 2017,Lexus,https://khushimotors.com/wp-content/uploads/2024/10/10-16-275x161.jpg,/content/drive/My Drive/Car_Sales_vision_ai_project/Lexus/Lexus_RX450_2017.jpg
Subaru XV 2017,Subaru,https://khushimotors.com/wp-content/uploads/2024/10/8-21-275x161.jpg,/content/drive/My Drive/Car_Sales_vision_ai_project/Subaru/Subaru_XV_2017.jpg
Hilux 2017,Hilux,https://khushimotors.com/wp-content/uploads/2024/10/4-66-275x161.jpg,/content/drive/My Drive/Car_Sales_vision_ai_project/Hilux/Hilux_2017.jpg
Mitsubishi CANTER 2017,Mitsubishi,https://khushimotors.com/wp-content/uploads/2024/10/10-24-275x161.jpg,/content/drive/My Drive/Car_Sales_vision_ai_project/Mitsubishi/Mitsubishi_CANTER_2017.jpg
Toyota Hiace 2017,Toyota,https://khushimotors.com/wp-content/uploads/2024/10/10-22-275x161.jpg,/content/drive/My Drive/Car_Sales_vision_ai_project/Toyota/Toyota_Hiace_2017.jpg
Honda Fit 2017,Honda,https://khushimotors.com/wp-content/uploads/2024/10/2-69-275x161.jpg,/content/drive/My Drive/Car_Sales_vision_ai_project/Honda/Honda_Fit_2017.jpg
Mazda Atenza 2017,Mazda,https://khushimotors.com/wp-content/uploads/2024/10/4-62-275x161.jpg,/content/drive/My Drive/Car_Sales_vision_ai_project/Mazda/Mazda_Atenza_2017.jpg
Toyota Land Cruiser Prado 2017,Toyota,https://khushimotors.com/wp-content/themes/motors/assets/images/plchldr255.png,/content/drive/My Drive/Car_Sales_vision_ai_project/Toyota/Toyota_Land_Cruiser_Prado_2017.png
Toyota Dyna 2017,Toyota,https://khushimotors.com/wp-content/uploads/2024/10/2-62-275x161.jpg,/content/drive/My Drive/Car_Sales_vision_ai_project/Toyota/Toyota_Dyna_2017.jpg
Mitsubishi RVR 2017,Mitsubishi,https://khushimotors.com/wp-content/uploads/2024/10/3-61-275x161.jpg,/content/drive/My Drive/Car_Sales_vision_ai_project/Mitsubishi/Mitsubishi_RVR_2017.jpg
Suzuki CARRY TRUCK 2017,Suzuki,https://khushimotors.com/wp-content/uploads/2024/10/2-57-275x161.jpg,/content/drive/My Drive/Car_Sales_vision_ai_project/Suzuki/Suzuki_CARRY_TRUCK_2017.jpg
Nissan NV350 2017,Nissan,https://khushimotors.com/wp-content/uploads/2024/10/3-55-275x161.jpg,/content/drive/My Drive/Car_Sales_vision_ai_project/Nissan/Nissan_NV350_2017.jpg
Mazda Axela Sport 2017,Mazda,https://khushimotors.com/wp-content/uploads/2024/10/5-43-275x161.jpg,/content/drive/My Drive/Car_Sales_vision_ai_project/Mazda/Mazda_Axela_Sport_2017.jpg
Volvo XC60 2017,Volvo,https://khushimotors.com/wp-content/uploads/2024/10/12-27-275x161.jpg,/content/drive/My Drive/Car_Sales_vision_ai_project/Volvo/Volvo_XC60_2017.jpg
Toyota Auris 2017,Toyota,https://khushimotors.com/wp-content/uploads/2024/10/17-15-275x161.jpg,/content/drive/My Drive/Car_Sales_vision_ai_project/Toyota/Toyota_Auris_2017.jpg
Toyota Noah 2017,Toyota,https://khushimotors.com/wp-content/uploads/2024/10/12-25-275x161.jpg,/content/drive/My Drive/Car_Sales_vision_ai_project/Toyota/Toyota_Noah_2017.jpg
Toyota Voxy 2017,Toyota,https://khushimotors.com/wp-content/uploads/2024/10/5-41-275x161.jpg,/content/drive/My Drive/Car_Sales_vision_ai_project/Toyota/Toyota_Voxy_2017.jpg
Toyota Premio 2017,Toyota,https://khushimotors.com/wp-content/uploads/2024/10/6-31-275x161.jpg,/content/drive/My Drive/Car_Sales_vision_ai_project/Toyota/Toyota_Premio_2017.jpg
Audi A1 2017,Audi,https://khushimotors.com/wp-content/uploads/2024/10/5-38-275x161.jpg,/content/drive/My Drive/Car_Sales_vision_ai_project/Audi/Audi_A1_2017.jpg
Subaru Forester 2017,Subaru,https://khushimotors.com/wp-content/uploads/2024/10/2-44-275x161.jpg,/content/drive/My Drive/Car_Sales_vision_ai_project/Subaru/Subaru_Forester_2017.jpg
BMW X6 2017,BMW,https://khushimotors.com/wp-content/uploads/2024/10/2-42-275x161.jpg,/content/drive/My Drive/Car_Sales_vision_ai_project/BMW/BMW_X6_2017.jpg
Mercedes-Benz S550L 2017,Mercedes-Benz,https://khushimotors.com/wp-content/uploads/2024/10/10-6-275x161.jpg,/content/drive/My Drive/Car_Sales_vision_ai_project/Mercedes-Benz/Mercedes-Benz_S550L_2017.jpg
Toyota Sienta 2017,Toyota,https://khushimotors.com/wp-content/uploads/2024/10/12-24-275x161.jpg,/content/drive/My Drive/Car_Sales_vision_ai_project/Toyota/Toyota_Sienta_2017.jpg
Mazda Demio 2017,Mazda,https://khushimotors.com/wp-content/uploads/2024/10/15-21-275x161.jpg,/content/drive/My Drive/Car_Sales_vision_ai_project/Mazda/Mazda_Demio_2017.jpg
Audi Q5 2017,Audi,https://khushimotors.com/wp-content/uploads/2024/10/11-18-275x161.jpg,/content/drive/My Drive/Car_Sales_vision_ai_project/Audi/Audi_Q5_2017.jpg
Toyota Land Cruiser 300 2022,Toyota,https://khushimotors.com/wp-content/uploads/2024/10/3-27-275x161.jpg,/content/drive/My Drive/Car_Sales_vision_ai_project/Toyota/Toyota_Land_Cruiser_300_2022.jpg
Mazda Axela 2018,Mazda,https://khushimotors.com/wp-content/uploads/2024/10/16-10-275x161.jpg,/content/drive/My Drive/Car_Sales_vision_ai_project/Mazda/Mazda_Axela_2018.jpg
Audi TT 2017,Audi,https://khushimotors.com/wp-content/uploads/2024/10/1-110-275x161.jpg,/content/drive/My Drive/Car_Sales_vision_ai_project/Audi/Audi_TT_2017.jpg
Toyota Hilux 2018,Toyota,https://khushimotors.com/wp-content/uploads/2024/10/10-7-275x161.jpg,/content/drive/My Drive/Car_Sales_vision_ai_project/Toyota/Toyota_Hilux_2018.jpg
Isuzu Elf 2017,Isuzu,https://khushimotors.com/wp-content/uploads/2024/10/3-22-275x161.jpg,/content/drive/My Drive/Car_Sales_vision_ai_project/Isuzu/Isuzu_Elf_2017.jpg
Nissan Xtrail 2018,Nissan,https://khushimotors.com/wp-content/uploads/2024/10/3-16-275x161.jpg,/content/drive/My Drive/Car_Sales_vision_ai_project/Nissan/Nissan_Xtrail_2018.jpg
Nissan ELGRAND 2017,Nissan,https://khushimotors.com/wp-content/uploads/2024/10/6-8-275x161.jpg,/content/drive/My Drive/Car_Sales_vision_ai_project/Nissan/Nissan_ELGRAND_2017.jpg
Toyota Coaster 2017,Toyota,https://khushimotors.com/wp-content/uploads/2024/10/10-8-275x161.jpg,/content/drive/My Drive/Car_Sales_vision_ai_project/Toyota/Toyota_Coaster_2017.jpg
Nissan Caravan 2017,Nissan,https://khushimotors.com/wp-content/uploads/2024/10/15-3-275x161.jpg,/content/drive/My Drive/Car_Sales_vision_ai_project/Nissan/Nissan_Caravan_2017.jpg
Nissan Atlas 2017,Nissan,https://khushimotors.com/wp-content/uploads/2024/10/17-1-275x161.jpg,/content/drive/My Drive/Car_Sales_vision_ai_project/Nissan/Nissan_Atlas_2017.jpg
Suzuki Alto 2017,Suzuki,https://khushimotors.com/wp-content/uploads/2024/10/16-275x161.jpg,/content/drive/My Drive/Car_Sales_vision_ai_project/Suzuki/Suzuki_Alto_2017.jpg
Mitsubishi Pajero 2017,Mitsubishi,https://khushimotors.com/wp-content/uploads/2024/10/6-5-275x161.jpg,/content/drive/My Drive/Car_Sales_vision_ai_project/Mitsubishi/Mitsubishi_Pajero_2017.jpg
Toyota Land Cruiser 2017,Toyota,https://khushimotors.com/wp-content/uploads/2024/10/7-3-275x161.jpg,/content/drive/My Drive/Car_Sales_vision_ai_project/Toyota/Toyota_Land_Cruiser_2017.jpg
Mazda Axela Sport 2018,Mazda,https://khushimotors.com/wp-content/uploads/2024/09/15-23-275x161.jpg,/content/drive/My Drive/Car_Sales_vision_ai_project/Mazda/Mazda_Axela_Sport_2018.jpg
Isuzu Truck 2017,Isuzu,https://khushimotors.com/wp-content/uploads/2024/09/13-27-275x161.jpg,/content/drive/My Drive/Car_Sales_vision_ai_project/Isuzu/Isuzu_Truck_2017.jpg
Hino Liesse 2017,Hino,https://khushimotors.com/wp-content/uploads/2024/09/11-27-275x161.jpg,/content/drive/My Drive/Car_Sales_vision_ai_project/Hino/Hino_Liesse_2017.jpg
BMW X3 2017,BMW,https://khushimotors.com/wp-content/uploads/2024/09/12-24-275x161.jpg,/content/drive/My Drive/Car_Sales_vision_ai_project/BMW/BMW_X3_2017.jpg
Mercedes-Benz S400H 2017,Mercedes-Benz,https://khushimotors.com/wp-content/uploads/2024/09/3-61-275x161.jpg,/content/drive/My Drive/Car_Sales_vision_ai_project/Mercedes-Benz/Mercedes-Benz_S400H_2017.jpg
Toyota Hilux Single Cabin 2017,Toyota,https://khushimotors.com/wp-content/uploads/2024/09/8-11-275x161.jpg,/content/drive/My Drive/Car_Sales_vision_ai_project/Toyota/Toyota_Hilux_Single_Cabin_2017.jpg
Mazda BONGO TRUCK 2017,Mazda,https://khushimotors.com/wp-content/uploads/2024/09/2-73-275x161.jpg,/content/drive/My Drive/Car_Sales_vision_ai_project/Mazda/Mazda_BONGO_TRUCK_2017.jpg
Hino Dutro 2017,Hino,https://khushimotors.com/wp-content/uploads/2024/09/13-18-275x161.jpg,/content/drive/My Drive/Car_Sales_vision_ai_project/Hino/Hino_Dutro_2017.jpg
Mercedes E250 2018,Mercedes,https://khushimotors.com/wp-content/uploads/2024/09/14-14-275x161.jpg,/content/drive/My Drive/Car_Sales_vision_ai_project/Mercedes/Mercedes_E250_2018.jpg
Mercedes-Benz S560L 2017,Mercedes-Benz,https://khushimotors.com/wp-content/uploads/2024/09/1-5-275x161.jpg,/content/drive/My Drive/Car_Sales_vision_ai_project/Mercedes-Benz/Mercedes-Benz_S560L_2017.jpg
Subaru Legacy B4 2017,Subaru,https://khushimotors.com/wp-content/uploads/2024/09/12-9-275x161.jpg,/content/drive/My Drive/Car_Sales_vision_ai_project/Subaru/Subaru_Legacy_B4_2017.jpg
Land Rover Range Rover SVR 2017,Land,https://khushimotors.com/wp-content/uploads/2024/09/1-52-275x161.jpg,/content/drive/My Drive/Car_Sales_vision_ai_project/Land/Land_Rover_Range_Rover_SVR_2017.jpg
Mercedes-Benz E43 2017,Mercedes-Benz,https://khushimotors.com/wp-content/uploads/2024/09/1-40-275x161.jpg,/content/drive/My Drive/Car_Sales_vision_ai_project/Mercedes-Benz/Mercedes-Benz_E43_2017.jpg
Toyota Probox NSP160-**,Toyota,https://khushimotors.com/wp-content/uploads/2024/09/10-8-275x161.jpg,/content/drive/My Drive/Car_Sales_vision_ai_project/Toyota/Toyota_Probox_NSP160-**.jpg
Honda Shuttle 2017,Honda,https://khushimotors.com/wp-content/uploads/2024/09/10-27-275x161.jpg,/content/drive/My Drive/Car_Sales_vision_ai_project/Honda/Honda_Shuttle_2017.jpg
VolksWagen Passat Variant 2017,VolksWagen,https://khushimotors.com/wp-content/uploads/2024/09/11-5-275x161.jpg,/content/drive/My Drive/Car_Sales_vision_ai_project/VolksWagen/VolksWagen_Passat_Variant_2017.jpg
Toyota ISIS 2017,Toyota,https://khushimotors.com/wp-content/uploads/2024/09/11-4-275x161.jpg,/content/drive/My Drive/Car_Sales_vision_ai_project/Toyota/Toyota_ISIS_2017.jpg
Toyota REGIUS VAN 2017,Toyota,https://khushimotors.com/wp-content/uploads/2024/09/13-275x161.jpg,/content/drive/My Drive/Car_Sales_vision_ai_project/Toyota/Toyota_REGIUS_VAN_2017.jpg
Toyota TOWNACE TRUCK 2017,Toyota,https://khushimotors.com/wp-content/uploads/2024/09/1-9-275x161.jpg,/content/drive/My Drive/Car_Sales_vision_ai_project/Toyota/Toyota_TOWNACE_TRUCK_2017.jpg
Lexus LX570 2017,Lexus,https://khushimotors.com/wp-content/uploads/2024/09/1-3-275x161.jpg,/content/drive/My Drive/Car_Sales_vision_ai_project/Lexus/Lexus_LX570_2017.jpg
Audi Q2 2017,Audi,https://khushimotors.com/wp-content/uploads/2024/09/10-7-275x161.jpg,/content/drive/My Drive/Car_Sales_vision_ai_project/Audi/Audi_Q2_2017.jpg
Mercedes S560 2017,Mercedes,https://khushimotors.com/wp-content/uploads/2024/09/10-10-275x161.jpg,/content/drive/My Drive/Car_Sales_vision_ai_project/Mercedes/Mercedes_S560_2017.jpg
Lexus LX600 2023,Lexus,https://khushimotors.com/wp-content/uploads/2024/09/7-32-275x161.jpg,/content/drive/My Drive/Car_Sales_vision_ai_project/Lexus/Lexus_LX600_2023.jpg
Mercedes-Benz C 180 Cabriolet 2017,Mercedes-Benz,https://khushimotors.com/wp-content/uploads/2024/09/8-23-275x161.jpg,/content/drive/My Drive/Car_Sales_vision_ai_project/Mercedes-Benz/Mercedes-Benz_C_180_Cabriolet_2017.jpg
Toyota Land Cruiser Zx V8 2017,Toyota,https://khushimotors.com/wp-content/uploads/2024/09/4-21-275x161.jpg,/content/drive/My Drive/Car_Sales_vision_ai_project/Toyota/Toyota_Land_Cruiser_Zx_V8_2017.jpg
BMW X1 2017,BMW,https://khushimotors.com/wp-content/uploads/2024/09/10-11-275x161.jpg,/content/drive/My Drive/Car_Sales_vision_ai_project/BMW/BMW_X1_2017.jpg
VolksWagen Touran 2017,VolksWagen,https://khushimotors.com/wp-content/uploads/2024/09/4-63-275x161.jpg,/content/drive/My Drive/Car_Sales_vision_ai_project/VolksWagen/VolksWagen_Touran_2017.jpg
Toyota Land Cruiser Prado 250 2024,Toyota,https://khushimotors.com/wp-content/uploads/2024/08/6-6-275x161.jpg,/content/drive/My Drive/Car_Sales_vision_ai_project/Toyota/Toyota_Land_Cruiser_Prado_250_2024.jpg
VolksWagen Touareg 2017,VolksWagen,https://khushimotors.com/wp-content/uploads/2024/07/1-91-275x161.jpg,/content/drive/My Drive/Car_Sales_vision_ai_project/VolksWagen/VolksWagen_Touareg_2017.jpg
Mercedes-Benz C200 2017,Mercedes-Benz,https://khushimotors.com/wp-content/uploads/2024/07/5-112-275x161.jpg,/content/drive/My Drive/Car_Sales_vision_ai_project/Mercedes-Benz/Mercedes-Benz_C200_2017.jpg
Toyota Hiace 2018,Toyota,https://khushimotors.com/wp-content/uploads/2024/07/1-114-275x161.jpg,/content/drive/My Drive/Car_Sales_vision_ai_project/Toyota/Toyota_Hiace_2018.jpg
Toyota Axio 2017,Toyota,https://khushimotors.com/wp-content/uploads/2024/07/10-25-275x161.jpg,/content/drive/My Drive/Car_Sales_vision_ai_project/Toyota/Toyota_Axio_2017.jpg
Isuzu Elf 2018,Isuzu,https://khushimotors.com/wp-content/uploads/2024/07/10-7-275x161.jpg,/content/drive/My Drive/Car_Sales_vision_ai_project/Isuzu/Isuzu_Elf_2018.jpg
Mitsubishi Fuso Dump 2017,Mitsubishi,https://khushimotors.com/wp-content/uploads/2024/07/10-43-275x161.jpg,/content/drive/My Drive/Car_Sales_vision_ai_project/Mitsubishi/Mitsubishi_Fuso_Dump_2017.jpg
Toyota AURIS HYB 2017,Toyota,https://khushimotors.com/wp-content/uploads/2024/07/4-108-275x161.jpg,/content/drive/My Drive/Car_Sales_vision_ai_project/Toyota/Toyota_AURIS_HYB_2017.jpg
Nissan Juke 2017,Nissan,https://khushimotors.com/wp-content/uploads/2024/07/4-109-275x161.jpg,/content/drive/My Drive/Car_Sales_vision_ai_project/Nissan/Nissan_Juke_2017.jpg
Mercedes-Benz E220D 2017,Mercedes-Benz,https://khushimotors.com/wp-content/uploads/2024/07/10-23-275x161.jpg,/content/drive/My Drive/Car_Sales_vision_ai_project/Mercedes-Benz/Mercedes-Benz_E220D_2017.jpg
BMW 220I 2017,BMW,https://khushimotors.com/wp-content/uploads/2024/07/10-35-275x161.jpg,/content/drive/My Drive/Car_Sales_vision_ai_project/BMW/BMW_220I_2017.jpg
Audi Q3 2017,Audi,https://khushimotors.com/wp-content/uploads/2024/07/1-92-275x161.jpg,/content/drive/My Drive/Car_Sales_vision_ai_project/Audi/Audi_Q3_2017.jpg
Volvo XC90 2017,Volvo,https://khushimotors.com/wp-content/uploads/2024/07/1-32-275x161.jpg,/content/drive/My Drive/Car_Sales_vision_ai_project/Volvo/Volvo_XC90_2017.jpg
Land Rover Range Rover Evoque 2017,Land,https://khushimotors.com/wp-content/uploads/2024/07/1-106-275x161.jpg,/content/drive/My Drive/Car_Sales_vision_ai_project/Land/Land_Rover_Range_Rover_Evoque_2017.jpg
Toyota Hilux D Cabin 2017,Toyota,https://khushimotors.com/wp-content/uploads/2024/07/1-90-275x161.jpg,/content/drive/My Drive/Car_Sales_vision_ai_project/Toyota/Toyota_Hilux_D_Cabin_2017.jpg
Mitsubishi Canter Tank 2017,Mitsubishi,https://khushimotors.com/wp-content/uploads/2024/07/10-8-275x161.jpg,/content/drive/My Drive/Car_Sales_vision_ai_project/Mitsubishi/Mitsubishi_Canter_Tank_2017.jpg
Toyota Estima 2017,Toyota,https://khushimotors.com/wp-content/uploads/2024/07/9-41-275x161.jpg,/content/drive/My Drive/Car_Sales_vision_ai_project/Toyota/Toyota_Estima_2017.jpg
Land Rover Range Rover Vogue 2023,Land,https://khushimotors.com/wp-content/uploads/2024/06/1-73-275x161.jpg,/content/drive/My Drive/Car_Sales_vision_ai_project/Land/Land_Rover_Range_Rover_Vogue_2023.jpg
Mercedes-Benz E400 2017,Mercedes-Benz,https://khushimotors.com/wp-content/uploads/2024/06/1-68-275x161.jpg,/content/drive/My Drive/Car_Sales_vision_ai_project/Mercedes-Benz/Mercedes-Benz_E400_2017.jpg
Toyota Land Cruiser V8 2014,Toyota,https://khushimotors.com/wp-content/uploads/2024/06/1-67-275x161.jpg,/content/drive/My Drive/Car_Sales_vision_ai_project/Toyota/Toyota_Land_Cruiser_V8_2014.jpg
Mitsubishi Delica D5 2017,Mitsubishi,https://khushimotors.com/wp-content/uploads/2024/06/10-36-275x161.jpg,/content/drive/My Drive/Car_Sales_vision_ai_project/Mitsubishi/Mitsubishi_Delica_D5_2017.jpg
Toyota Townace 2017,Toyota,https://khushimotors.com/wp-content/uploads/2024/06/1-90-275x161.jpg,/content/drive/My Drive/Car_Sales_vision_ai_project/Toyota/Toyota_Townace_2017.jpg
Isuzu Forward Dump 2017,Isuzu,https://khushimotors.com/wp-content/uploads/2024/06/1-108-275x161.jpg,/content/drive/My Drive/Car_Sales_vision_ai_project/Isuzu/Isuzu_Forward_Dump_2017.jpg
Mercedes-Benz S300H 2017,Mercedes-Benz,https://khushimotors.com/wp-content/uploads/2024/06/1-76-275x161.jpg,/content/drive/My Drive/Car_Sales_vision_ai_project/Mercedes-Benz/Mercedes-Benz_S300H_2017.jpg
Mercedes-Benz E63 S 2017,Mercedes-Benz,https://khushimotors.com/wp-content/uploads/2024/06/1-96-275x161.jpg,/content/drive/My Drive/Car_Sales_vision_ai_project/Mercedes-Benz/Mercedes-Benz_E63_S_2017.jpg
Mercedes-Benz E200 2017,Mercedes-Benz,https://khushimotors.com/wp-content/uploads/2024/06/2-107-275x161.jpg,/content/drive/My Drive/Car_Sales_vision_ai_project/Mercedes-Benz/Mercedes-Benz_E200_2017.jpg
Mercedes-Benz C180 Cabriolet Coupe 2017,Mercedes-Benz,https://khushimotors.com/wp-content/uploads/2024/06/1-83-275x161.jpg,/content/drive/My Drive/Car_Sales_vision_ai_project/Mercedes-Benz/Mercedes-Benz_C180_Cabriolet_Coupe_2017.jpg
Mercedes-Benz C220D 2017,Mercedes-Benz,https://khushimotors.com/wp-content/uploads/2024/06/5-93-275x161.jpg,/content/drive/My Drive/Car_Sales_vision_ai_project/Mercedes-Benz/Mercedes-Benz_C220D_2017.jpg
Mercedes-Benz GLE450 2019,Mercedes-Benz,https://khushimotors.com/wp-content/uploads/2024/06/1-86-275x161.jpg,/content/drive/My Drive/Car_Sales_vision_ai_project/Mercedes-Benz/Mercedes-Benz_GLE450_2019.jpg
Audi A7 2017,Audi,https://khushimotors.com/wp-content/uploads/2024/06/5-80-275x161.jpg,/content/drive/My Drive/Car_Sales_vision_ai_project/Audi/Audi_A7_2017.jpg
Toyota Vellfire 2017,Toyota,https://khushimotors.com/wp-content/uploads/2024/05/5-85-275x161.jpg,/content/drive/My Drive/Car_Sales_vision_ai_project/Toyota/Toyota_Vellfire_2017.jpg
Alfa Romeo Giulia 2017,Alfa,https://khushimotors.com/wp-content/uploads/2024/05/2-63-275x161.jpg,/content/drive/My Drive/Car_Sales_vision_ai_project/Alfa/Alfa_Romeo_Giulia_2017.jpg
Land Rover Range Rover Vogue Autobiography 2017,Land,https://khushimotors.com/wp-content/uploads/2024/05/1-98-275x161.jpg,/content/drive/My Drive/Car_Sales_vision_ai_project/Land/Land_Rover_Range_Rover_Vogue_Autobiography_2017.jpg
Mercedes-Benz G350 2015,Mercedes-Benz,https://khushimotors.com/wp-content/uploads/2024/05/1-15-275x161.jpg,/content/drive/My Drive/Car_Sales_vision_ai_project/Mercedes-Benz/Mercedes-Benz_G350_2015.jpg
Audi Q7 2006,Audi,https://khushimotors.com/wp-content/uploads/2024/05/1-8-275x161.jpg,/content/drive/My Drive/Car_Sales_vision_ai_project/Audi/Audi_Q7_2006.jpg
Mercedes GLE350 2017,Mercedes,https://khushimotors.com/wp-content/uploads/2024/05/1-2-275x161.jpg,/content/drive/My Drive/Car_Sales_vision_ai_project/Mercedes/Mercedes_GLE350_2017.jpg
Land Rover Range Rover Vogue 2019,Land,https://khushimotors.com/wp-content/uploads/2024/05/3-86-275x161.jpg,/content/drive/My Drive/Car_Sales_vision_ai_project/Land/Land_Rover_Range_Rover_Vogue_2019.jpg
BMW 420I 2017,BMW,https://khushimotors.com/wp-content/uploads/2024/04/1-37-275x161.jpg,/content/drive/My Drive/Car_Sales_vision_ai_project/BMW/BMW_420I_2017.jpg
Toyota Hilux D Cabin 2018,Toyota,https://khushimotors.com/wp-content/uploads/2024/04/1-32-275x161.jpg,/content/drive/My Drive/Car_Sales_vision_ai_project/Toyota/Toyota_Hilux_D_Cabin_2018.jpg
Toyota Alphard 2006,Toyota,https://khushimotors.com/wp-content/uploads/2024/04/7-10-275x161.jpg,/content/drive/My Drive/Car_Sales_vision_ai_project/Toyota/Toyota_Alphard_2006.jpg
Audi A8 2017,Audi,https://khushimotors.com/wp-content/uploads/2024/04/1-45-275x161.jpg,/content/drive/My Drive/Car_Sales_vision_ai_project/Audi/Audi_A8_2017.jpg
Isuzu MUX 2016,Isuzu,https://khushimotors.com/wp-content/uploads/2024/04/1-27-275x161.jpg,/content/drive/My Drive/Car_Sales_vision_ai_project/Isuzu/Isuzu_MUX_2016.jpg
Mercedes-Benz E250 2017,Mercedes-Benz,https://khushimotors.com/wp-content/uploads/2024/04/1-60-275x161.jpg,/content/drive/My Drive/Car_Sales_vision_ai_project/Mercedes-Benz/Mercedes-Benz_E250_2017.jpg
Suzuki JIMNY 2017,Suzuki,https://khushimotors.com/wp-content/uploads/2024/04/1-44-275x161.jpg,/content/drive/My Drive/Car_Sales_vision_ai_project/Suzuki/Suzuki_JIMNY_2017.jpg
Land Rover Range Rover Evoque Convertible HSE Si4 2017,Land,https://khushimotors.com/wp-content/uploads/2024/04/1-58-275x161.jpg,/content/drive/My Drive/Car_Sales_vision_ai_project/Land/Land_Rover_Range_Rover_Evoque_Convertible_HSE_Si4_2017.jpg
Mercedes-Benz S450 2018,Mercedes-Benz,https://khushimotors.com/wp-content/uploads/2024/03/4-54-275x161.jpg,/content/drive/My Drive/Car_Sales_vision_ai_project/Mercedes-Benz/Mercedes-Benz_S450_2018.jpg
Mercedes-Benz GLE350 2017,Mercedes-Benz,https://khushimotors.com/wp-content/uploads/2024/03/1-44-275x161.jpg,/content/drive/My Drive/Car_Sales_vision_ai_project/Mercedes-Benz/Mercedes-Benz_GLE350_2017.jpg
Mazda AXELA SEDAN 2017,Mazda,https://khushimotors.com/wp-content/uploads/2024/03/1-52-275x161.jpg,/content/drive/My Drive/Car_Sales_vision_ai_project/Mazda/Mazda_AXELA_SEDAN_2017.jpg
Mazda Atenza Wagon 2016,Mazda,https://khushimotors.com/wp-content/uploads/2024/03/1-16-275x161.jpg,/content/drive/My Drive/Car_Sales_vision_ai_project/Mazda/Mazda_Atenza_Wagon_2016.jpg
Land Rover RANGE ROVER SVO 2019,Land,https://khushimotors.com/wp-content/uploads/2024/03/1-32-275x161.jpg,/content/drive/My Drive/Car_Sales_vision_ai_project/Land/Land_Rover_RANGE_ROVER_SVO_2019.jpg
Rolls Royce Ghost 2017,Rolls,https://khushimotors.com/wp-content/uploads/2024/02/1-15.jpg,/content/drive/My Drive/Car_Sales_vision_ai_project/Rolls/Rolls_Royce_Ghost_2017.jpg
Isuzu D-Max 2016,Isuzu,https://khushimotors.com/wp-content/uploads/2024/01/1-6-275x161.jpg,/content/drive/My Drive/Car_Sales_vision_ai_project/Isuzu/Isuzu_D-Max_2016.jpg
Toyota Hilux D Cabin 2016,Toyota,https://khushimotors.com/wp-content/uploads/2024/01/1-4-275x161.jpg,/content/drive/My Drive/Car_Sales_vision_ai_project/Toyota/Toyota_Hilux_D_Cabin_2016.jpg
Nissan Juke 2016,Nissan,https://khushimotors.com/wp-content/uploads/2023/12/1-93-275x161.jpg,/content/drive/My Drive/Car_Sales_vision_ai_project/Nissan/Nissan_Juke_2016.jpg
Lexus RX200T 2016,Lexus,https://khushimotors.com/wp-content/uploads/2023/12/1-70-275x161.jpg,/content/drive/My Drive/Car_Sales_vision_ai_project/Lexus/Lexus_RX200T_2016.jpg
Nissan X-trail 2016,Nissan,https://khushimotors.com/wp-content/uploads/2023/12/2-89-275x161.jpg,/content/drive/My Drive/Car_Sales_vision_ai_project/Nissan/Nissan_X-trail_2016.jpg
Audi A5 2016,Audi,https://khushimotors.com/wp-content/uploads/2023/12/1-80-275x161.jpg,/content/drive/My Drive/Car_Sales_vision_ai_project/Audi/Audi_A5_2016.jpg
Mercedes E200 NEW 2016,Mercedes,https://khushimotors.com/wp-content/uploads/2023/12/11-1-275x161.jpg,/content/drive/My Drive/Car_Sales_vision_ai_project/Mercedes/Mercedes_E200_NEW_2016.jpg
Mercedes-Benz E200 2016,Mercedes-Benz,https://khushimotors.com/wp-content/uploads/2023/12/1-78-275x161.jpg,/content/drive/My Drive/Car_Sales_vision_ai_project/Mercedes-Benz/Mercedes-Benz_E200_2016.jpg
BMW X1 NEW 2016,BMW,https://khushimotors.com/wp-content/uploads/2023/12/1-8-275x161.jpg,/content/drive/My Drive/Car_Sales_vision_ai_project/BMW/BMW_X1_NEW_2016.jpg
Suzuki Carry 2016,Suzuki,https://khushimotors.com/wp-content/uploads/2023/11/1-271-275x161.jpg,/content/drive/My Drive/Car_Sales_vision_ai_project/Suzuki/Suzuki_Carry_2016.jpg
Audi A6 2016,Audi,https://khushimotors.com/wp-content/uploads/2023/11/1-242-275x161.jpg,/content/drive/My Drive/Car_Sales_vision_ai_project/Audi/Audi_A6_2016.jpg
Land Rover RANGE ROVER SPORT 2016,Land,https://khushimotors.com/wp-content/uploads/2023/11/1-128-275x161.jpg,/content/drive/My Drive/Car_Sales_vision_ai_project/Land/Land_Rover_RANGE_ROVER_SPORT_2016.jpg
Toyota Auris 2016,Toyota,https://khushimotors.com/wp-content/uploads/2023/11/1-262-275x161.jpg,/content/drive/My Drive/Car_Sales_vision_ai_project/Toyota/Toyota_Auris_2016.jpg
Mitsubishi Outlander 2016,Mitsubishi,https://khushimotors.com/wp-content/uploads/2023/11/1-267-275x161.jpg,/content/drive/My Drive/Car_Sales_vision_ai_project/Mitsubishi/Mitsubishi_Outlander_2016.jpg
Suzuki Swift 2016,Suzuki,https://khushimotors.com/wp-content/uploads/2023/11/1-78-275x161.jpg,/content/drive/My Drive/Car_Sales_vision_ai_project/Suzuki/Suzuki_Swift_2016.jpg
Audi A5 2017,Audi,https://khushimotors.com/wp-content/uploads/2023/11/1-266-275x161.jpg,/content/drive/My Drive/Car_Sales_vision_ai_project/Audi/Audi_A5_2017.jpg
Toyota RAV4 2016,Toyota,https://khushimotors.com/wp-content/uploads/2023/11/1-57-275x161.jpg,/content/drive/My Drive/Car_Sales_vision_ai_project/Toyota/Toyota_RAV4_2016.jpg
Toyota ISIS 2016,Toyota,https://khushimotors.com/wp-content/uploads/2023/11/1-274-275x161.jpg,/content/drive/My Drive/Car_Sales_vision_ai_project/Toyota/Toyota_ISIS_2016.jpg
Nissan Xtrail 2016,Nissan,https://khushimotors.com/wp-content/uploads/2023/11/1-227-275x161.jpg,/content/drive/My Drive/Car_Sales_vision_ai_project/Nissan/Nissan_Xtrail_2016.jpg
Toyota Passo 2016,Toyota,https://khushimotors.com/wp-content/uploads/2023/11/1-1.jpg,/content/drive/My Drive/Car_Sales_vision_ai_project/Toyota/Toyota_Passo_2016.jpg
Toyota ToyoAce 2016,Toyota,https://khushimotors.com/wp-content/uploads/2023/11/1-275x161.jpg,/content/drive/My Drive/Car_Sales_vision_ai_project/Toyota/Toyota_ToyoAce_2016.jpg
Mazda Demio 2016,Mazda,https://khushimotors.com/wp-content/uploads/2023/10/1-62-275x161.jpg,/content/drive/My Drive/Car_Sales_vision_ai_project/Mazda/Mazda_Demio_2016.jpg
Nissan Note 2016,Nissan,https://khushimotors.com/wp-content/uploads/2023/10/1-68-275x161.jpg,/content/drive/My Drive/Car_Sales_vision_ai_project/Nissan/Nissan_Note_2016.jpg
Nissan Serena 2016,Nissan,https://khushimotors.com/wp-content/uploads/2023/10/1-63-275x161.jpg,/content/drive/My Drive/Car_Sales_vision_ai_project/Nissan/Nissan_Serena_2016.jpg
Toyota Porte 2016,Toyota,https://khushimotors.com/wp-content/uploads/2023/10/Source-File-of-website-3-copy0-4-275x161.jpg,/content/drive/My Drive/Car_Sales_vision_ai_project/Toyota/Toyota_Porte_2016.jpg
Mercedes-Benz G Wagon G63 2018,Mercedes-Benz,https://khushimotors.com/wp-content/uploads/2023/09/1-56-275x161.jpg,/content/drive/My Drive/Car_Sales_vision_ai_project/Mercedes-Benz/Mercedes-Benz_G_Wagon_G63_2018.jpg
Porsche Macan Turbo 2016,Porsche,https://khushimotors.com/wp-content/uploads/2023/09/2-69-275x161.jpg,/content/drive/My Drive/Car_Sales_vision_ai_project/Porsche/Porsche_Macan_Turbo_2016.jpg
Porsche CAYENNE 2016,Porsche,https://khushimotors.com/wp-content/uploads/2023/09/1-78-275x161.jpg,/content/drive/My Drive/Car_Sales_vision_ai_project/Porsche/Porsche_CAYENNE_2016.jpg
Mercedes E200 2016,Mercedes,https://khushimotors.com/wp-content/uploads/2023/09/10-22-275x161.jpg,/content/drive/My Drive/Car_Sales_vision_ai_project/Mercedes/Mercedes_E200_2016.jpg
Mitsubishi Outlander 2017,Mitsubishi,https://khushimotors.com/wp-content/uploads/2023/09/1-61-275x161.jpg,/content/drive/My Drive/Car_Sales_vision_ai_project/Mitsubishi/Mitsubishi_Outlander_2017.jpg
Suzuki JIMNY 2016,Suzuki,https://khushimotors.com/wp-content/uploads/2023/09/Source-File-of-website-3-copy8-17-275x161.jpg,/content/drive/My Drive/Car_Sales_vision_ai_project/Suzuki/Suzuki_JIMNY_2016.jpg
Mazda CX-5 2014,Mazda,https://khushimotors.com/wp-content/uploads/2023/09/1-18-275x161.jpg,/content/drive/My Drive/Car_Sales_vision_ai_project/Mazda/Mazda_CX-5_2014.jpg
Nissan FUGA 2016,Nissan,https://khushimotors.com/wp-content/uploads/2023/09/1-57-275x161.jpg,/content/drive/My Drive/Car_Sales_vision_ai_project/Nissan/Nissan_FUGA_2016.jpg
Toyota Kluger 2016,Toyota,https://khushimotors.com/wp-content/uploads/2023/09/Source-File-of-website-3-copy7-275x161.jpg,/content/drive/My Drive/Car_Sales_vision_ai_project/Toyota/Toyota_Kluger_2016.jpg
Volvo S60 2016,Volvo,https://khushimotors.com/wp-content/uploads/2023/08/1-60-275x161.jpg,/content/drive/My Drive/Car_Sales_vision_ai_project/Volvo/Volvo_S60_2016.jpg
Toyota CROWN 2016,Toyota,https://khushimotors.com/wp-content/uploads/2023/08/Source-File-of-website-3-copy0-65-275x161.jpg,/content/drive/My Drive/Car_Sales_vision_ai_project/Toyota/Toyota_CROWN_2016.jpg
Nissan Atlas 2016,Nissan,https://khushimotors.com/wp-content/uploads/2023/08/1-74-275x161.jpg,/content/drive/My Drive/Car_Sales_vision_ai_project/Nissan/Nissan_Atlas_2016.jpg
Ford Ranger 2015,Ford,https://khushimotors.com/wp-content/uploads/2023/08/Source-File-of-website-3-copy7-15-275x161.jpg,/content/drive/My Drive/Car_Sales_vision_ai_project/Ford/Ford_Ranger_2015.jpg
Lexus RX400H 2006,Lexus,https://khushimotors.com/wp-content/uploads/2023/08/1-29-275x161.jpg,/content/drive/My Drive/Car_Sales_vision_ai_project/Lexus/Lexus_RX400H_2006.jpg
Toyota Crown Athelete 2010,Toyota,https://khushimotors.com/wp-content/uploads/2023/08/1-28-275x161.jpg,/content/drive/My Drive/Car_Sales_vision_ai_project/Toyota/Toyota_Crown_Athelete_2010.jpg
Porsche Macan 2016,Porsche,https://khushimotors.com/wp-content/uploads/2023/08/Source-File-of-website-3-copy1-16-275x161.jpg,/content/drive/My Drive/Car_Sales_vision_ai_project/Porsche/Porsche_Macan_2016.jpg
Toyota SUCCEED VAN 2016,Toyota,https://khushimotors.com/wp-content/uploads/2023/08/Source-File-of-website-3-copy2-14-275x161.jpg,/content/drive/My Drive/Car_Sales_vision_ai_project/Toyota/Toyota_SUCCEED_VAN_2016.jpg
Toyota SPADE 2016,Toyota,https://khushimotors.com/wp-content/uploads/2023/08/Source-File-of-website-3-copy8-22-275x161.jpg,/content/drive/My Drive/Car_Sales_vision_ai_project/Toyota/Toyota_SPADE_2016.jpg
Land Rover Range Rover Vogue 2016,Land,https://khushimotors.com/wp-content/uploads/2023/07/Source-File-of-website-3-copy3-13-275x161.jpg,/content/drive/My Drive/Car_Sales_vision_ai_project/Land/Land_Rover_Range_Rover_Vogue_2016.jpg
Toyota FJ CURISER 2016,Toyota,https://khushimotors.com/wp-content/uploads/2023/07/Source-File-of-website-3-copy3-19-275x161.jpg,/content/drive/My Drive/Car_Sales_vision_ai_project/Toyota/Toyota_FJ_CURISER_2016.jpg
Mitsubishi Fuso 2016,Mitsubishi,https://khushimotors.com/wp-content/uploads/2023/07/1-71-275x161.jpg,/content/drive/My Drive/Car_Sales_vision_ai_project/Mitsubishi/Mitsubishi_Fuso_2016.jpg
Subaru Impreza G4 2016,Subaru,https://khushimotors.com/wp-content/uploads/2023/07/1-275x161.jpg,/content/drive/My Drive/Car_Sales_vision_ai_project/Subaru/Subaru_Impreza_G4_2016.jpg
Audi A4 2016,Audi,https://khushimotors.com/wp-content/uploads/2023/06/1-79-275x161.jpg,/content/drive/My Drive/Car_Sales_vision_ai_project/Audi/Audi_A4_2016.jpg
Mitsubishi Delica D5 2016,Mitsubishi,https://khushimotors.com/wp-content/uploads/2023/06/1-75-275x161.jpg,/content/drive/My Drive/Car_Sales_vision_ai_project/Mitsubishi/Mitsubishi_Delica_D5_2016.jpg
VolksWagen TIGUAN 2016,VolksWagen,https://khushimotors.com/wp-content/uploads/2023/06/1-88-275x161.jpg,/content/drive/My Drive/Car_Sales_vision_ai_project/VolksWagen/VolksWagen_TIGUAN_2016.jpg
Toyota Avensis 2016,Toyota,https://khushimotors.com/wp-content/uploads/2023/06/1-98-275x161.jpg,/content/drive/My Drive/Car_Sales_vision_ai_project/Toyota/Toyota_Avensis_2016.jpg
Toyota Crown Royal Saloon 2016,Toyota,https://khushimotors.com/wp-content/uploads/2023/06/1-90-275x161.jpg,/content/drive/My Drive/Car_Sales_vision_ai_project/Toyota/Toyota_Crown_Royal_Saloon_2016.jpg
VolksWagen Passat 2016,VolksWagen,https://khushimotors.com/wp-content/uploads/2023/06/1-86-275x161.jpg,/content/drive/My Drive/Car_Sales_vision_ai_project/VolksWagen/VolksWagen_Passat_2016.jpg
Mazda CX-5 2015,Mazda,https://khushimotors.com/wp-content/uploads/2023/06/1-2-275x161.jpg,/content/drive/My Drive/Car_Sales_vision_ai_project/Mazda/Mazda_CX-5_2015.jpg
Mercedes E220 2016,Mercedes,https://khushimotors.com/wp-content/uploads/2023/04/1-28-275x161.jpg,/content/drive/My Drive/Car_Sales_vision_ai_project/Mercedes/Mercedes_E220_2016.jpg
Honda CR-V 2016,Honda,https://khushimotors.com/wp-content/uploads/2023/03/1-104-275x161.jpg,/content/drive/My Drive/Car_Sales_vision_ai_project/Honda/Honda_CR-V_2016.jpg
Mercedes-Benz CLA180 2013,Mercedes-Benz,https://khushimotors.com/wp-content/uploads/2023/03/1-68-275x161.jpg,/content/drive/My Drive/Car_Sales_vision_ai_project/Mercedes-Benz/Mercedes-Benz_CLA180_2013.jpg
Suzuki Swift 2015,Suzuki,https://khushimotors.com/wp-content/uploads/2023/03/1-62-275x161.jpg,/content/drive/My Drive/Car_Sales_vision_ai_project/Suzuki/Suzuki_Swift_2015.jpg
Isuzu Forward Dump 2013,Isuzu,https://khushimotors.com/wp-content/uploads/2023/03/1-54-275x161.jpg,/content/drive/My Drive/Car_Sales_vision_ai_project/Isuzu/Isuzu_Forward_Dump_2013.jpg
Toyota Fielder 2015,Toyota,https://khushimotors.com/wp-content/uploads/2023/03/1-40-275x161.jpg,/content/drive/My Drive/Car_Sales_vision_ai_project/Toyota/Toyota_Fielder_2015.jpg
Toyota Townace 2015,Toyota,https://khushimotors.com/wp-content/uploads/2023/03/1-38-275x161.jpg,/content/drive/My Drive/Car_Sales_vision_ai_project/Toyota/Toyota_Townace_2015.jpg
Nissan Note 2015,Nissan,https://khushimotors.com/wp-content/uploads/2023/03/1-31-275x161.jpg,/content/drive/My Drive/Car_Sales_vision_ai_project/Nissan/Nissan_Note_2015.jpg
Nissan Serena 2015,Nissan,https://khushimotors.com/wp-content/uploads/2023/03/1-14-275x161.jpg,/content/drive/My Drive/Car_Sales_vision_ai_project/Nissan/Nissan_Serena_2015.jpg
Mazda Bongo 2012,Mazda,https://khushimotors.com/wp-content/uploads/2023/02/1-174-275x161.jpg,/content/drive/My Drive/Car_Sales_vision_ai_project/Mazda/Mazda_Bongo_2012.jpg
Mazda Bongo 2013,Mazda,https://khushimotors.com/wp-content/uploads/2023/02/1-165-275x161.jpg,/content/drive/My Drive/Car_Sales_vision_ai_project/Mazda/Mazda_Bongo_2013.jpg
Mazda Bongo 2014,Mazda,https://khushimotors.com/wp-content/uploads/2023/02/1-163-275x161.jpg,/content/drive/My Drive/Car_Sales_vision_ai_project/Mazda/Mazda_Bongo_2014.jpg
Nissan Vanette 2012,Nissan,https://khushimotors.com/wp-content/uploads/2023/02/1-160-275x161.jpg,/content/drive/My Drive/Car_Sales_vision_ai_project/Nissan/Nissan_Vanette_2012.jpg
Daihatsu Hijet Cargo 2015,Daihatsu,https://khushimotors.com/wp-content/uploads/2023/02/1-159-275x161.jpg,/content/drive/My Drive/Car_Sales_vision_ai_project/Daihatsu/Daihatsu_Hijet_Cargo_2015.jpg
Nissan Teana 2015,Nissan,https://khushimotors.com/wp-content/uploads/2023/02/1-145-275x161.jpg,/content/drive/My Drive/Car_Sales_vision_ai_project/Nissan/Nissan_Teana_2015.jpg
Toyota Allion 2015,Toyota,https://khushimotors.com/wp-content/uploads/2023/02/1-120-275x161.jpg,/content/drive/My Drive/Car_Sales_vision_ai_project/Toyota/Toyota_Allion_2015.jpg
Subaru Sambar 2015,Subaru,https://khushimotors.com/wp-content/uploads/2023/02/1-113-275x161.jpg,/content/drive/My Drive/Car_Sales_vision_ai_project/Subaru/Subaru_Sambar_2015.jpg
Nissan March 2015,Nissan,https://khushimotors.com/wp-content/uploads/2023/02/1-64-275x161.jpg,/content/drive/My Drive/Car_Sales_vision_ai_project/Nissan/Nissan_March_2015.jpg
Volvo XC60 2015,Volvo,https://khushimotors.com/wp-content/uploads/2023/02/1-16-275x161.jpg,/content/drive/My Drive/Car_Sales_vision_ai_project/Volvo/Volvo_XC60_2015.jpg
Mazda MPV 2015,Mazda,https://khushimotors.com/wp-content/uploads/2023/02/1-10-275x161.jpg,/content/drive/My Drive/Car_Sales_vision_ai_project/Mazda/Mazda_MPV_2015.jpg
Subaru Forester XT 2015,Subaru,https://khushimotors.com/wp-content/uploads/2023/02/1-7.jpg,/content/drive/My Drive/Car_Sales_vision_ai_project/Subaru/Subaru_Forester_XT_2015.jpg
BMW 320d 2015,BMW,https://khushimotors.com/wp-content/uploads/2023/01/1-34-275x161.jpg,/content/drive/My Drive/Car_Sales_vision_ai_project/BMW/BMW_320d_2015.jpg
Suzuki ESCUDO 2015,Suzuki,https://khushimotors.com/wp-content/uploads/2023/01/1-30-275x161.jpg,/content/drive/My Drive/Car_Sales_vision_ai_project/Suzuki/Suzuki_ESCUDO_2015.jpg
Toyota ToyoAce 2015,Toyota,https://khushimotors.com/wp-content/uploads/2023/01/1-16-275x161.jpg,/content/drive/My Drive/Car_Sales_vision_ai_project/Toyota/Toyota_ToyoAce_2015.jpg
Nissan Sylphy 2015,Nissan,https://khushimotors.com/wp-content/uploads/2023/01/1-5-275x161.jpg,/content/drive/My Drive/Car_Sales_vision_ai_project/Nissan/Nissan_Sylphy_2015.jpg
Ford Ecosport Titanium 2015,Ford,https://khushimotors.com/wp-content/uploads/2022/12/1-103-275x161.jpg,/content/drive/My Drive/Car_Sales_vision_ai_project/Ford/Ford_Ecosport_Titanium_2015.jpg
Toyota Fielder 2015,Toyota,https://khushimotors.com/wp-content/uploads/2022/12/WhatsApp-Image-2022-12-21-at-3.00.21-PM-6-275x161.jpeg,/content/drive/My Drive/Car_Sales_vision_ai_project/Toyota/Toyota_Fielder_2015.jpeg
Mazda Premacy 2015,Mazda,https://khushimotors.com/wp-content/uploads/2022/12/WhatsApp-Image-2022-12-20-at-3.31.51-PM-6-1-275x161.jpeg,/content/drive/My Drive/Car_Sales_vision_ai_project/Mazda/Mazda_Premacy_2015.jpeg
Daihatsu Hijet Van 2015,Daihatsu,https://khushimotors.com/wp-content/uploads/2022/12/1-85-275x161.jpg,/content/drive/My Drive/Car_Sales_vision_ai_project/Daihatsu/Daihatsu_Hijet_Van_2015.jpg
Subaru Impreza 2015,Subaru,https://khushimotors.com/wp-content/uploads/2022/12/1-34-275x161.jpg,/content/drive/My Drive/Car_Sales_vision_ai_project/Subaru/Subaru_Impreza_2015.jpg
Mazda Atenza Wagon 2013,Mazda,https://khushimotors.com/wp-content/uploads/2022/11/1-134-275x161.jpg,/content/drive/My Drive/Car_Sales_vision_ai_project/Mazda/Mazda_Atenza_Wagon_2013.jpg
Lexus NX200T 2015,Lexus,https://khushimotors.com/wp-content/uploads/2022/11/1-124-275x161.jpg,/content/drive/My Drive/Car_Sales_vision_ai_project/Lexus/Lexus_NX200T_2015.jpg
Mercedes-Benz C200 2015,Mercedes-Benz,https://khushimotors.com/wp-content/uploads/2022/11/1-119-275x161.jpg,/content/drive/My Drive/Car_Sales_vision_ai_project/Mercedes-Benz/Mercedes-Benz_C200_2015.jpg
Toyota Allion 2016,Toyota,https://khushimotors.com/wp-content/uploads/2022/11/1-113-275x161.jpg,/content/drive/My Drive/Car_Sales_vision_ai_project/Toyota/Toyota_Allion_2016.jpg
Toyota Mark X 2015,Toyota,https://khushimotors.com/wp-content/uploads/2022/11/1-93-275x161.jpg,/content/drive/My Drive/Car_Sales_vision_ai_project/Toyota/Toyota_Mark_X_2015.jpg
Nissan Cube 2015,Nissan,https://khushimotors.com/wp-content/uploads/2022/11/1-62-275x161.jpg,/content/drive/My Drive/Car_Sales_vision_ai_project/Nissan/Nissan_Cube_2015.jpg
Suzuki Swift Sport 2015,Suzuki,https://khushimotors.com/wp-content/uploads/2022/11/1-44-275x161.jpg,/content/drive/My Drive/Car_Sales_vision_ai_project/Suzuki/Suzuki_Swift_Sport_2015.jpg
Toyota Vitz 2015,Toyota,https://khushimotors.com/wp-content/uploads/2022/11/1-43-275x161.jpg,/content/drive/My Drive/Car_Sales_vision_ai_project/Toyota/Toyota_Vitz_2015.jpg
Mercedes-Benz C200,Mercedes-Benz,https://khushimotors.com/wp-content/uploads/2022/11/1-32-275x161.jpg,/content/drive/My Drive/Car_Sales_vision_ai_project/Mercedes-Benz/Mercedes-Benz_C200.jpg
Toyota Hilux Double Cabin 2015,Toyota,https://khushimotors.com/wp-content/uploads/2022/11/1-15-275x161.jpg,/content/drive/My Drive/Car_Sales_vision_ai_project/Toyota/Toyota_Hilux_Double_Cabin_2015.jpg
Subaru Forester 2015,Subaru,https://khushimotors.com/wp-content/uploads/2022/09/1-127-275x161.jpg,/content/drive/My Drive/Car_Sales_vision_ai_project/Subaru/Subaru_Forester_2015.jpg
Honda Freed Spike 2015,Honda,https://khushimotors.com/wp-content/uploads/2022/09/1-126-275x161.jpg,/content/drive/My Drive/Car_Sales_vision_ai_project/Honda/Honda_Freed_Spike_2015.jpg
Peugeot 5008 2015,Peugeot,https://khushimotors.com/wp-content/uploads/2022/09/1-99-275x161.jpg,/content/drive/My Drive/Car_Sales_vision_ai_project/Peugeot/Peugeot_5008_2015.jpg
Daihatsu Hijet 2014,Daihatsu,https://khushimotors.com/wp-content/uploads/2022/09/1-74-275x161.jpg,/content/drive/My Drive/Car_Sales_vision_ai_project/Daihatsu/Daihatsu_Hijet_2014.jpg
Nissan Atlas 2015,Nissan,https://khushimotors.com/wp-content/uploads/2022/09/6-73-275x161.jpg,/content/drive/My Drive/Car_Sales_vision_ai_project/Nissan/Nissan_Atlas_2015.jpg
VolksWagen Golf Variant 2015,VolksWagen,https://khushimotors.com/wp-content/uploads/2022/09/1-62-275x161.jpg,/content/drive/My Drive/Car_Sales_vision_ai_project/VolksWagen/VolksWagen_Golf_Variant_2015.jpg
Mazda Premacy 2015,Mazda,https://khushimotors.com/wp-content/uploads/2022/09/1-20-275x161.jpg,/content/drive/My Drive/Car_Sales_vision_ai_project/Mazda/Mazda_Premacy_2015.jpg
BMW 225XE 2016,BMW,https://khushimotors.com/wp-content/uploads/2022/09/1-11-275x161.jpg,/content/drive/My Drive/Car_Sales_vision_ai_project/BMW/BMW_225XE_2016.jpg
Subaru OutBack 2014,Subaru,https://khushimotors.com/wp-content/uploads/2022/08/01-108-275x161.jpg,/content/drive/My Drive/Car_Sales_vision_ai_project/Subaru/Subaru_OutBack_2014.jpg
Subaru Legacy Wagon 2014,Subaru,https://khushimotors.com/wp-content/uploads/2022/08/01-107-275x161.jpg,/content/drive/My Drive/Car_Sales_vision_ai_project/Subaru/Subaru_Legacy_Wagon_2014.jpg
Subaru Legacy B4 2014,Subaru,https://khushimotors.com/wp-content/uploads/2022/08/01-105-275x161.jpg,/content/drive/My Drive/Car_Sales_vision_ai_project/Subaru/Subaru_Legacy_B4_2014.jpg
Jaguar F Pace 2016,Jaguar,https://khushimotors.com/wp-content/uploads/2022/08/01-90-275x161.jpg,/content/drive/My Drive/Car_Sales_vision_ai_project/Jaguar/Jaguar_F_Pace_2016.jpg
Mercedes-Benz GL350 2014,Mercedes-Benz,https://khushimotors.com/wp-content/uploads/2022/08/01-88-275x161.jpg,/content/drive/My Drive/Car_Sales_vision_ai_project/Mercedes-Benz/Mercedes-Benz_GL350_2014.jpg
Citroën DS4 2013,Citroën,https://khushimotors.com/wp-content/uploads/2022/08/01-82-275x161.jpg,/content/drive/My Drive/Car_Sales_vision_ai_project/Citroën/Citroën_DS4_2013.jpg
Mitsubishi Fuso 2015,Mitsubishi,https://khushimotors.com/wp-content/uploads/2022/08/01-75-275x161.jpg,/content/drive/My Drive/Car_Sales_vision_ai_project/Mitsubishi/Mitsubishi_Fuso_2015.jpg
Subaru Forester 2016,Subaru,https://khushimotors.com/wp-content/uploads/2022/08/01-45-275x161.jpg,/content/drive/My Drive/Car_Sales_vision_ai_project/Subaru/Subaru_Forester_2016.jpg
Mercedes-Benz E250 2015,Mercedes-Benz,https://khushimotors.com/wp-content/uploads/2022/08/01-33-275x161.jpg,/content/drive/My Drive/Car_Sales_vision_ai_project/Mercedes-Benz/Mercedes-Benz_E250_2015.jpg
VolksWagen Golf GTI 2015,VolksWagen,https://khushimotors.com/wp-content/uploads/2022/08/01-28-275x161.jpg,/content/drive/My Drive/Car_Sales_vision_ai_project/VolksWagen/VolksWagen_Golf_GTI_2015.jpg
Mitsubishi Fuso 2014,Mitsubishi,https://khushimotors.com/wp-content/uploads/2022/07/01-75-275x161.jpg,/content/drive/My Drive/Car_Sales_vision_ai_project/Mitsubishi/Mitsubishi_Fuso_2014.jpg
Subaru Impreza Sports 2015,Subaru,https://khushimotors.com/wp-content/uploads/2022/07/01-36-275x161.jpg,/content/drive/My Drive/Car_Sales_vision_ai_project/Subaru/Subaru_Impreza_Sports_2015.jpg
Subaru OutBack 2016,Subaru,https://khushimotors.com/wp-content/uploads/2022/07/1-14-275x161.jpg,/content/drive/My Drive/Car_Sales_vision_ai_project/Subaru/Subaru_OutBack_2016.jpg
Toyota Townace 2014,Toyota,https://khushimotors.com/wp-content/uploads/2022/07/01-1-275x161.jpg,/content/drive/My Drive/Car_Sales_vision_ai_project/Toyota/Toyota_Townace_2014.jpg
Mazda Atenza 2014,Mazda,https://khushimotors.com/wp-content/uploads/2022/07/WhatsApp-Image-2022-08-24-at-12.36.51-PM-275x161.jpeg,/content/drive/My Drive/Car_Sales_vision_ai_project/Mazda/Mazda_Atenza_2014.jpeg
Mazda Atenza 2014,Mazda,https://khushimotors.com/wp-content/uploads/2022/07/X-0922-1-275x161.jpg,/content/drive/My Drive/Car_Sales_vision_ai_project/Mazda/Mazda_Atenza_2014.jpg
Mercedes-Benz C180 2015,Mercedes-Benz,https://khushimotors.com/wp-content/uploads/2022/07/Y-0966-1-275x161.jpg,/content/drive/My Drive/Car_Sales_vision_ai_project/Mercedes-Benz/Mercedes-Benz_C180_2015.jpg
Land Rover Discovery Sport 2016,Land,https://khushimotors.com/wp-content/uploads/2022/07/10-85-275x161.jpg,/content/drive/My Drive/Car_Sales_vision_ai_project/Land/Land_Rover_Discovery_Sport_2016.jpg
Mitsubishi Outlander 2015,Mitsubishi,https://khushimotors.com/wp-content/uploads/2022/06/1-28-275x161.jpg,/content/drive/My Drive/Car_Sales_vision_ai_project/Mitsubishi/Mitsubishi_Outlander_2015.jpg
Peugeot 5008 2014,Peugeot,https://khushimotors.com/wp-content/uploads/2022/06/1-35-275x161.jpg,/content/drive/My Drive/Car_Sales_vision_ai_project/Peugeot/Peugeot_5008_2014.jpg
Jaguar F Pace 2014,Jaguar,https://khushimotors.com/wp-content/uploads/2022/06/1-32-275x161.jpg,/content/drive/My Drive/Car_Sales_vision_ai_project/Jaguar/Jaguar_F_Pace_2014.jpg
Mazda Demio 2014,Mazda,https://khushimotors.com/wp-content/uploads/2022/06/1-71-275x161.jpg,/content/drive/My Drive/Car_Sales_vision_ai_project/Mazda/Mazda_Demio_2014.jpg
Subaru Impreza sport 2014,Subaru,https://khushimotors.com/wp-content/uploads/2022/06/1-116-275x161.jpg,/content/drive/My Drive/Car_Sales_vision_ai_project/Subaru/Subaru_Impreza_sport_2014.jpg
